{
	"info": {
		"_postman_id": "d651b6b2-4261-4ab4-9468-ecaead1cb7a5",
		"name": "IN264",
		"schema": "https://schema.getpostman.com/json/collection/v2.1.0/collection.json"
	},
	"item": [
		{
			"name": "IN264 start prc",
			"request": {
				"auth": {
					"type": "oauth2",
					"oauth2": [
						{
							"key": "clientSecret",
							"value": "UAjkqggppiMPrd1FqS7eh2cii2c=",
							"type": "string"
						},
						{
							"key": "clientId",
							"value": "sb-9be2997d-a9b2-4a73-83d9-b1ac80a3528f!b152845|xsuaa!b120249",
							"type": "string"
						},
						{
							"key": "accessTokenUrl",
							"value": "https://teched-spa-tc-eu10-mthzww43.authentication.eu10.hana.ondemand.com/oauth/token",
							"type": "string"
						},
						{
							"key": "grant_type",
							"value": "client_credentials",
							"type": "string"
						},
						{
							"key": "tokenName",
							"value": "apitoken",
							"type": "string"
						},
						{
							"key": "authUrl",
							"value": "https://2pzfvjk3cvxw2y0f.authentication.eu10.hana.ondemand.com/oauth/authorize",
							"type": "string"
						},
						{
							"key": "addTokenTo",
							"value": "header",
							"type": "string"
						}
					]
				},
				"method": "POST",
				"header": [],
				"body": {
					"mode": "raw",
					"raw": "{\n    \"definitionId\": \"eu10.teched-spa-tc-eu10-mthzww43.saptaskcenterintegration.alertProcess\",\n    \"context\": {\n        \"timestamp\": \"2022-10-21\",\n        \"task_provider\": \"SPA\",\n        \"message\": \"IN264 Alert\",\n        \"global_user_id\": \"8f064c30-27e2-49a5-ba04-aa9f19a8bea7\"\n    }\n}",
					"options": {
						"raw": {
							"language": "json"
						}
					}
				},
				"url": {
					"raw": "https://spa-api-gateway-bpi-eu-prod.cfapps.eu10.hana.ondemand.com/workflow/rest/v1/workflow-instances",
					"protocol": "https",
					"host": [
						"spa-api-gateway-bpi-eu-prod",
						"cfapps",
						"eu10",
						"hana",
						"ondemand",
						"com"
					],
					"path": [
						"workflow",
						"rest",
						"v1",
						"workflow-instances"
					]
				}
			},
			"response": []
		}
	]
}